Untitled report,,,,,,
"November 1, 2025 - November 30, 2025",,,,,,
Campaign,Day,Device,Currency code,Cost,Impr.,Clicks
PRO_Search_|_Oct_25,01-11-2025,Computers,INR,35.61,111,12
PRO_Search_|_Oct_25,01-11-2025,Mobile phones,INR,1981.89,"35,114",563
PRO_Search_|_Oct_25,01-11-2025,Tablets,INR,1.01,3,1
ME_Search_|_Oct_25,01-11-2025,Computers,INR,32.88,135,6
ME_Search_|_Oct_25,01-11-2025,Mobile phones,INR,2427.82,"44,065",601
ME_Search_|_Oct_25,01-11-2025,Tablets,INR,1.13,2,1
IKONIC-AMZ-Glide-Peach-14-Oct-2025,01-11-2025,Other,INR,20.46,272,7
IKONIC-AMZ-Glide-Peach-14-Oct-2025,01-11-2025,Mobile phones,INR,905.81,"10,078",328
IKONIC-AMZ-Glide-Peach-14-Oct-2025,01-11-2025,Tablets,INR,0,10,0
Me_Sales_P-Max_Oct25,01-11-2025,Other,INR,0,46,0
Me_Sales_P-Max_Oct25,01-11-2025,Computers,INR,0.27,21,0
Me_Sales_P-Max_Oct25,01-11-2025,Mobile phones,INR,2560.1,"75,079","3,518"
Me_Sales_P-Max_Oct25,01-11-2025,Tablets,INR,9.88,146,4
Pro_Sales_P-Max_Oct25,01-11-2025,Other,INR,40.56,192,6
Pro_Sales_P-Max_Oct25,01-11-2025,Computers,INR,1.3,16,0
Pro_Sales_P-Max_Oct25,01-11-2025,Mobile phones,INR,2904.16,"70,987","2,747"
Pro_Sales_P-Max_Oct25,01-11-2025,Tablets,INR,2.27,158,4
PRO_Search_|_Oct_25,03-11-2025,Computers,INR,5.6,18,1
PRO_Search_|_Oct_25,03-11-2025,Mobile phones,INR,349.51,"2,862",86
ME_Search_|_Oct_25,03-11-2025,Computers,INR,20.45,24,3
ME_Search_|_Oct_25,03-11-2025,Mobile phones,INR,576.79,"3,546",98
ME_Search_|_Oct_25,03-11-2025,Tablets,INR,0,0,0
IKONIC-AMZ-Glide-Peach-14-Oct-2025,03-11-2025,Other,INR,0,2,0
IKONIC-AMZ-Glide-Peach-14-Oct-2025,03-11-2025,Mobile phones,INR,6.58,82,2
IKONIC-AMZ-Glide-Peach-14-Oct-2025,03-11-2025,Tablets,INR,0,0,0
Me_Sales_P-Max_Oct25,03-11-2025,Computers,INR,0,19,0
Me_Sales_P-Max_Oct25,03-11-2025,Mobile phones,INR,109.44,"2,313",35
Me_Sales_P-Max_Oct25,03-11-2025,Tablets,INR,0,12,0
Pro_Sales_P-Max_Oct25,03-11-2025,Computers,INR,0,5,0
Pro_Sales_P-Max_Oct25,03-11-2025,Mobile phones,INR,28.41,"1,273",29
Pro_Sales_P-Max_Oct25,03-11-2025,Tablets,INR,0,4,0
PRO_Search_|_Oct_25,04-11-2025,Computers,INR,98.7,200,23
PRO_Search_|_Oct_25,04-11-2025,Mobile phones,INR,1902.16,"17,651",429
PRO_Search_|_Oct_25,04-11-2025,Tablets,INR,5.98,10,1
ME_Search_|_Oct_25,04-11-2025,Computers,INR,62.32,95,11
ME_Search_|_Oct_25,04-11-2025,Mobile phones,INR,1296.04,"17,963",304
ME_Search_|_Oct_25,04-11-2025,Tablets,INR,0,7,0
IKONIC-AMZ-Glide-Peach-14-Oct-2025,04-11-2025,Other,INR,49.7,631,17
IKONIC-AMZ-Glide-Peach-14-Oct-2025,04-11-2025,Mobile phones,INR,1986.84,"20,514",689
IKONIC-AMZ-Glide-Peach-14-Oct-2025,04-11-2025,Tablets,INR,2.59,32,1
Me_Sales_P-Max_Oct25,04-11-2025,Other,INR,7.06,216,5
Me_Sales_P-Max_Oct25,04-11-2025,Computers,INR,445.59,610,12
Me_Sales_P-Max_Oct25,04-11-2025,Mobile phones,INR,3696.86,"45,865","1,118"
Me_Sales_P-Max_Oct25,04-11-2025,Tablets,INR,6.82,105,1
Pro_Sales_P-Max_Oct25,04-11-2025,Computers,INR,108.4,492,8
Pro_Sales_P-Max_Oct25,04-11-2025,Mobile phones,INR,2178.64,"27,422",479
Pro_Sales_P-Max_Oct25,04-11-2025,Tablets,INR,6.81,78,2
PRO_Search_|_Oct_25,05-11-2025,Computers,INR,7.19,4,1
PRO_Search_|_Oct_25,05-11-2025,Mobile phones,INR,381.8,"4,268",87
PRO_Search_|_Oct_25,05-11-2025,Tablets,INR,7.19,5,1
ME_Search_|_Oct_25,05-11-2025,Computers,INR,0,2,0
ME_Search_|_Oct_25,05-11-2025,Mobile phones,INR,63.59,"1,963",16
IKONIC-AMZ-Glide-Peach-14-Oct-2025,05-11-2025,Other,INR,5.89,45,2
IKONIC-AMZ-Glide-Peach-14-Oct-2025,05-11-2025,Mobile phones,INR,110.38,884,37
IKONIC-AMZ-Glide-Peach-14-Oct-2025,05-11-2025,Tablets,INR,0,1,0
Me_Sales_P-Max_Oct25,05-11-2025,Other,INR,0,21,0
Me_Sales_P-Max_Oct25,05-11-2025,Computers,INR,8.21,32,7
Me_Sales_P-Max_Oct25,05-11-2025,Mobile phones,INR,607.88,"10,497",713
Me_Sales_P-Max_Oct25,05-11-2025,Tablets,INR,5.97,74,6
Pro_Sales_P-Max_Oct25,05-11-2025,Computers,INR,2.52,8,1
Pro_Sales_P-Max_Oct25,05-11-2025,Mobile phones,INR,567.2,"2,766",59
Pro_Sales_P-Max_Oct25,05-11-2025,Tablets,INR,2.52,61,0
PRO_Search_|_Oct_25,06-11-2025,Computers,INR,35.09,71,9
PRO_Search_|_Oct_25,06-11-2025,Mobile phones,INR,1003.49,"7,067",213
PRO_Search_|_Oct_25,06-11-2025,Tablets,INR,1.07,3,1
ME_Search_|_Oct_25,06-11-2025,Computers,INR,0,10,0
ME_Search_|_Oct_25,06-11-2025,Mobile phones,INR,461.7,"5,367",100
ME_Search_|_Oct_25,06-11-2025,Tablets,INR,0,1,0
IKONIC-AMZ-Glide-Peach-14-Oct-2025,06-11-2025,Other,INR,14.27,196,5
IKONIC-AMZ-Glide-Peach-14-Oct-2025,06-11-2025,Mobile phones,INR,697.18,"10,026",236
IKONIC-AMZ-Glide-Peach-14-Oct-2025,06-11-2025,Tablets,INR,0,9,0
Me_Sales_P-Max_Oct25,06-11-2025,Other,INR,0,3,0
Me_Sales_P-Max_Oct25,06-11-2025,Computers,INR,36.11,247,5
Me_Sales_P-Max_Oct25,06-11-2025,Mobile phones,INR,1366.35,"24,615","1,261"
Me_Sales_P-Max_Oct25,06-11-2025,Tablets,INR,3.92,127,6
Pro_Sales_P-Max_Oct25,06-11-2025,Other,INR,0,10,0
Pro_Sales_P-Max_Oct25,06-11-2025,Computers,INR,44.71,326,10
Pro_Sales_P-Max_Oct25,06-11-2025,Mobile phones,INR,2172.02,"36,116","1,296"
Pro_Sales_P-Max_Oct25,06-11-2025,Tablets,INR,45.12,"1,108",7
PRO_Search_|_Oct_25,07-11-2025,Computers,INR,307.59,185,29
PRO_Search_|_Oct_25,07-11-2025,Mobile phones,INR,2223.69,"9,253",378
PRO_Search_|_Oct_25,07-11-2025,Tablets,INR,0,10,0
ME_Search_|_Oct_25,07-11-2025,Computers,INR,34.42,48,8
ME_Search_|_Oct_25,07-11-2025,Mobile phones,INR,1134.31,"18,357",292
ME_Search_|_Oct_25,07-11-2025,Tablets,INR,5,7,1
IKONIC-AMZ-Glide-Peach-14-Oct-2025,07-11-2025,Other,INR,30.05,487,11
IKONIC-AMZ-Glide-Peach-14-Oct-2025,07-11-2025,Mobile phones,INR,1950.91,"21,568",675
IKONIC-AMZ-Glide-Peach-14-Oct-2025,07-11-2025,Tablets,INR,5.94,38,2
Me_Sales_P-Max_Oct25,07-11-2025,Other,INR,0,20,0
Me_Sales_P-Max_Oct25,07-11-2025,Computers,INR,95.77,588,18
Me_Sales_P-Max_Oct25,07-11-2025,Mobile phones,INR,3564.98,"58,173","3,281"
Me_Sales_P-Max_Oct25,07-11-2025,Tablets,INR,17.66,335,8
Pro_Sales_P-Max_Oct25,07-11-2025,Other,INR,4.51,37,2
Pro_Sales_P-Max_Oct25,07-11-2025,Computers,INR,26.36,408,9
Pro_Sales_P-Max_Oct25,07-11-2025,Mobile phones,INR,2693.23,"38,016","1,407"
Pro_Sales_P-Max_Oct25,07-11-2025,Tablets,INR,15.86,131,2
PRO_Search_|_Oct_25,08-11-2025,Computers,INR,388.29,291,33
PRO_Search_|_Oct_25,08-11-2025,Mobile phones,INR,4910.04,"5,641",451
PRO_Search_|_Oct_25,08-11-2025,Tablets,INR,14.18,28,1
ME_Search_|_Oct_25,08-11-2025,Computers,INR,51.94,131,7
ME_Search_|_Oct_25,08-11-2025,Mobile phones,INR,3610.01,"55,948",727
ME_Search_|_Oct_25,08-11-2025,Tablets,INR,0,1,0
IKONIC-AMZ-Glide-Peach-14-Oct-2025,08-11-2025,Other,INR,34.13,553,13
IKONIC-AMZ-Glide-Peach-14-Oct-2025,08-11-2025,Mobile phones,INR,1971.72,"21,901",721
IKONIC-AMZ-Glide-Peach-14-Oct-2025,08-11-2025,Tablets,INR,4.94,49,2
Me_Sales_P-Max_Oct25,08-11-2025,Computers,INR,49.89,275,12
Me_Sales_P-Max_Oct25,08-11-2025,Mobile phones,INR,1520.06,"32,465","1,270"
Me_Sales_P-Max_Oct25,08-11-2025,Tablets,INR,8.49,237,17
Pro_Sales_P-Max_Oct25,08-11-2025,Computers,INR,59.24,320,10
Pro_Sales_P-Max_Oct25,08-11-2025,Mobile phones,INR,1475.27,"28,908",953
Pro_Sales_P-Max_Oct25,08-11-2025,Tablets,INR,10.3,412,22
PRO_Search_|_Oct_25,09-11-2025,Computers,INR,287.81,207,9
PRO_Search_|_Oct_25,09-11-2025,Mobile phones,INR,7812.24,"6,794",441
PRO_Search_|_Oct_25,09-11-2025,Tablets,INR,1.91,46,1
ME_Search_|_Oct_25,09-11-2025,Computers,INR,75.58,139,7
ME_Search_|_Oct_25,09-11-2025,Mobile phones,INR,6924.23,"89,234","1,017"
ME_Search_|_Oct_25,09-11-2025,Tablets,INR,0,20,0
IKONIC-AMZ-Glide-Peach-14-Oct-2025,09-11-2025,Other,INR,46.27,417,15
IKONIC-AMZ-Glide-Peach-14-Oct-2025,09-11-2025,Mobile phones,INR,1739.87,"16,414",602
IKONIC-AMZ-Glide-Peach-14-Oct-2025,09-11-2025,Tablets,INR,0,21,0
Me_Sales_P-Max_Oct25,09-11-2025,Computers,INR,2.02,178,1
Me_Sales_P-Max_Oct25,09-11-2025,Mobile phones,INR,2957.41,"46,024","2,501"
Me_Sales_P-Max_Oct25,09-11-2025,Tablets,INR,21.77,666,30
Pro_Sales_P-Max_Oct25,09-11-2025,Computers,INR,18.32,191,8
Pro_Sales_P-Max_Oct25,09-11-2025,Mobile phones,INR,2959.93,"32,149","1,424"
Pro_Sales_P-Max_Oct25,09-11-2025,Tablets,INR,14.37,327,26
PRO_Search_|_Oct_25,10-11-2025,Computers,INR,686.6,397,23
PRO_Search_|_Oct_25,10-11-2025,Mobile phones,INR,7100.77,"10,313",353
PRO_Search_|_Oct_25,10-11-2025,Tablets,INR,35.96,68,2
ME_Search_|_Oct_25,10-11-2025,Computers,INR,241.74,279,24
ME_Search_|_Oct_25,10-11-2025,Mobile phones,INR,6760.22,"66,056",961
ME_Search_|_Oct_25,10-11-2025,Tablets,INR,0,12,0
IKONIC-AMZ-Glide-Peach-14-Oct-2025,10-11-2025,Other,INR,23.73,279,9
IKONIC-AMZ-Glide-Peach-14-Oct-2025,10-11-2025,Mobile phones,INR,1281.78,"12,788",466
IKONIC-AMZ-Glide-Peach-14-Oct-2025,10-11-2025,Tablets,INR,0,16,0
Me_Sales_P-Max_Oct25,10-11-2025,Computers,INR,115.29,503,19
Me_Sales_P-Max_Oct25,10-11-2025,Mobile phones,INR,2026.82,"22,582",382
Me_Sales_P-Max_Oct25,10-11-2025,Tablets,INR,0.06,42,0
Pro_Sales_P-Max_Oct25,10-11-2025,Other,INR,0,1,0
Pro_Sales_P-Max_Oct25,10-11-2025,Computers,INR,59.09,580,5
Pro_Sales_P-Max_Oct25,10-11-2025,Mobile phones,INR,1724.08,"22,290",516
Pro_Sales_P-Max_Oct25,10-11-2025,Tablets,INR,3.19,51,1
PRO_Search_|_Oct_25,11-11-2025,Computers,INR,305.96,148,28
PRO_Search_|_Oct_25,11-11-2025,Mobile phones,INR,3464.02,"2,931",278
PRO_Search_|_Oct_25,11-11-2025,Tablets,INR,0,15,0
ME_Search_|_Oct_25,11-11-2025,Computers,INR,250.88,290,29
ME_Search_|_Oct_25,11-11-2025,Mobile phones,INR,6752.46,"72,083","1,006"
ME_Search_|_Oct_25,11-11-2025,Tablets,INR,0,21,0
IKONIC-AMZ-Glide-Peach-14-Oct-2025,11-11-2025,Other,INR,18.82,318,7
IKONIC-AMZ-Glide-Peach-14-Oct-2025,11-11-2025,Mobile phones,INR,1173.33,"12,009",425
IKONIC-AMZ-Glide-Peach-14-Oct-2025,11-11-2025,Tablets,INR,0,26,0
Me_Sales_P-Max_Oct25,11-11-2025,Computers,INR,82.2,420,9
Me_Sales_P-Max_Oct25,11-11-2025,Mobile phones,INR,1783.19,"27,770",353
Me_Sales_P-Max_Oct25,11-11-2025,Tablets,INR,2,90,2
Pro_Sales_P-Max_Oct25,11-11-2025,Computers,INR,106.45,535,14
Pro_Sales_P-Max_Oct25,11-11-2025,Mobile phones,INR,1785.78,"24,166",418
Pro_Sales_P-Max_Oct25,11-11-2025,Tablets,INR,3.29,63,1
PRO_Search_|_Oct_25,12-11-2025,Computers,INR,446.55,185,28
PRO_Search_|_Oct_25,12-11-2025,Mobile phones,INR,3956.11,"3,078",343
PRO_Search_|_Oct_25,12-11-2025,Tablets,INR,0,12,0
ME_Search_|_Oct_25,12-11-2025,Computers,INR,157.81,340,16
ME_Search_|_Oct_25,12-11-2025,Mobile phones,INR,6847.28,"94,886","1,078"
ME_Search_|_Oct_25,12-11-2025,Tablets,INR,0.51,12,1
IKONIC-AMZ-Glide-Peach-14-Oct-2025,12-11-2025,Other,INR,18.7,294,7
IKONIC-AMZ-Glide-Peach-14-Oct-2025,12-11-2025,Mobile phones,INR,1143.76,"10,461",416
IKONIC-AMZ-Glide-Peach-14-Oct-2025,12-11-2025,Tablets,INR,0,10,0
Me_Sales_P-Max_Oct25,12-11-2025,Computers,INR,63.58,573,16
Me_Sales_P-Max_Oct25,12-11-2025,Mobile phones,INR,2084.79,"38,127",697
Me_Sales_P-Max_Oct25,12-11-2025,Tablets,INR,8.25,207,8
Pro_Sales_P-Max_Oct25,12-11-2025,Other,INR,0,1,0
Pro_Sales_P-Max_Oct25,12-11-2025,Computers,INR,119.97,813,15
Pro_Sales_P-Max_Oct25,12-11-2025,Mobile phones,INR,2776.08,"33,762",560
Pro_Sales_P-Max_Oct25,12-11-2025,Tablets,INR,2.18,92,0
PRO_Search_|_Oct_25,13-11-2025,Computers,INR,552.9,227,23
PRO_Search_|_Oct_25,13-11-2025,Mobile phones,INR,3874.81,"4,264",320
PRO_Search_|_Oct_25,13-11-2025,Tablets,INR,2.87,41,1
ME_Search_|_Oct_25,13-11-2025,Computers,INR,134.76,353,14
ME_Search_|_Oct_25,13-11-2025,Mobile phones,INR,6892.87,"1,10,974","1,154"
ME_Search_|_Oct_25,13-11-2025,Tablets,INR,0,23,0
IKONIC-AMZ-Glide-Peach-14-Oct-2025,13-11-2025,Other,INR,8.87,271,3
IKONIC-AMZ-Glide-Peach-14-Oct-2025,13-11-2025,Mobile phones,INR,953.79,"8,433",326
IKONIC-AMZ-Glide-Peach-14-Oct-2025,13-11-2025,Tablets,INR,0,13,0
Me_Sales_P-Max_Oct25,13-11-2025,Computers,INR,41.6,525,11
Me_Sales_P-Max_Oct25,13-11-2025,Mobile phones,INR,2032.15,"30,900",412
Me_Sales_P-Max_Oct25,13-11-2025,Tablets,INR,0.03,65,0
Pro_Sales_P-Max_Oct25,13-11-2025,Computers,INR,111.44,942,18
Pro_Sales_P-Max_Oct25,13-11-2025,Mobile phones,INR,3151.82,"34,840",653
Pro_Sales_P-Max_Oct25,13-11-2025,Tablets,INR,9.96,155,2
PRO_Search_|_Oct_25,14-11-2025,Computers,INR,293.33,262,23
PRO_Search_|_Oct_25,14-11-2025,Mobile phones,INR,3765.83,"6,508",377
PRO_Search_|_Oct_25,14-11-2025,Tablets,INR,5.35,47,2
ME_Search_|_Oct_25,14-11-2025,Computers,INR,348.59,166,20
ME_Search_|_Oct_25,14-11-2025,Mobile phones,INR,2434.39,"9,116",222
ME_Search_|_Oct_25,14-11-2025,Tablets,INR,0,18,0
IKONIC-AMZ-Glide-Peach-14-Oct-2025,14-11-2025,Other,INR,11.38,242,4
IKONIC-AMZ-Glide-Peach-14-Oct-2025,14-11-2025,Mobile phones,INR,1072.43,"10,573",386
IKONIC-AMZ-Glide-Peach-14-Oct-2025,14-11-2025,Tablets,INR,0,21,0
Me_Sales_P-Max_Oct25,14-11-2025,Computers,INR,69.72,495,12
Me_Sales_P-Max_Oct25,14-11-2025,Mobile phones,INR,1933.26,"31,638",445
Me_Sales_P-Max_Oct25,14-11-2025,Tablets,INR,10.51,112,4
Me_Sales_P-Max_Oct25,14-11-2025,TV screens,INR,26.95,91,0
Pro_Sales_P-Max_Oct25,14-11-2025,Computers,INR,180.81,799,18
Pro_Sales_P-Max_Oct25,14-11-2025,Mobile phones,INR,2365.32,"32,913",570
Pro_Sales_P-Max_Oct25,14-11-2025,Tablets,INR,6.04,77,2
Pro_Sales_P-Max_Oct25,14-11-2025,TV screens,INR,26.9,61,0
PRO_Search_|_Oct_25,15-11-2025,Computers,INR,271.64,147,17
PRO_Search_|_Oct_25,15-11-2025,Mobile phones,INR,3828.67,"4,728",400
PRO_Search_|_Oct_25,15-11-2025,Tablets,INR,1.02,35,2
ME_Search_|_Oct_25,15-11-2025,Computers,INR,167.56,80,8
ME_Search_|_Oct_25,15-11-2025,Mobile phones,INR,2287.85,"1,743",174
ME_Search_|_Oct_25,15-11-2025,Tablets,INR,0,10,0
IKONIC-AMZ-Glide-Peach-14-Oct-2025,15-11-2025,Other,INR,21.18,189,8
IKONIC-AMZ-Glide-Peach-14-Oct-2025,15-11-2025,Mobile phones,INR,911.71,"8,754",343
IKONIC-AMZ-Glide-Peach-14-Oct-2025,15-11-2025,Tablets,INR,2.56,20,1
Me_Sales_P-Max_Oct25,15-11-2025,Computers,INR,48.84,442,11
Me_Sales_P-Max_Oct25,15-11-2025,Mobile phones,INR,1923.52,"33,457",462
Me_Sales_P-Max_Oct25,15-11-2025,Tablets,INR,24.66,89,2
Pro_Sales_P-Max_Oct25,15-11-2025,Computers,INR,95.37,882,20
Pro_Sales_P-Max_Oct25,15-11-2025,Mobile phones,INR,3384.12,"42,403",742
Pro_Sales_P-Max_Oct25,15-11-2025,Tablets,INR,4.41,133,0
PRO_Search_|_Oct_25,16-11-2025,Computers,INR,111.31,91,9
PRO_Search_|_Oct_25,16-11-2025,Mobile phones,INR,2926.17,"3,969",365
PRO_Search_|_Oct_25,16-11-2025,Tablets,INR,0,13,0
ME_Search_|_Oct_25,16-11-2025,Computers,INR,8.56,58,1
ME_Search_|_Oct_25,16-11-2025,Mobile phones,INR,4474.02,"2,595",279
ME_Search_|_Oct_25,16-11-2025,Tablets,INR,61.34,21,1
IKONIC-AMZ-Glide-Peach-14-Oct-2025,16-11-2025,Other,INR,6.32,155,2
IKONIC-AMZ-Glide-Peach-14-Oct-2025,16-11-2025,Mobile phones,INR,916.3,"8,191",314
IKONIC-AMZ-Glide-Peach-14-Oct-2025,16-11-2025,Tablets,INR,0,10,0
Me_Sales_P-Max_Oct25,16-11-2025,Computers,INR,21.44,294,6
Me_Sales_P-Max_Oct25,16-11-2025,Mobile phones,INR,2018.6,"45,650",795
Me_Sales_P-Max_Oct25,16-11-2025,Tablets,INR,0.05,98,0
Pro_Sales_P-Max_Oct25,16-11-2025,Computers,INR,135.33,651,9
Pro_Sales_P-Max_Oct25,16-11-2025,Mobile phones,INR,3243.52,"40,978",723
Pro_Sales_P-Max_Oct25,16-11-2025,Tablets,INR,4.96,93,0
PRO_Search_|_Oct_25,17-11-2025,Computers,INR,482.35,284,28
PRO_Search_|_Oct_25,17-11-2025,Mobile phones,INR,4099.42,"4,967",423
PRO_Search_|_Oct_25,17-11-2025,Tablets,INR,0,19,0
ME_Search_|_Oct_25,17-11-2025,Computers,INR,633.36,137,23
ME_Search_|_Oct_25,17-11-2025,Mobile phones,INR,6335.83,"3,684",323
ME_Search_|_Oct_25,17-11-2025,Tablets,INR,49.64,22,2
IKONIC-AMZ-Glide-Peach-14-Oct-2025,17-11-2025,Other,INR,19.18,172,6
IKONIC-AMZ-Glide-Peach-14-Oct-2025,17-11-2025,Mobile phones,INR,916.33,"9,024",328
IKONIC-AMZ-Glide-Peach-14-Oct-2025,17-11-2025,Tablets,INR,0,9,0
Me_Sales_P-Max_Oct25,17-11-2025,Computers,INR,64.15,501,16
Me_Sales_P-Max_Oct25,17-11-2025,Mobile phones,INR,1984.19,"32,168",443
Me_Sales_P-Max_Oct25,17-11-2025,Tablets,INR,1.5,65,1
Pro_Sales_P-Max_Oct25,17-11-2025,Computers,INR,255.53,"1,231",34
Pro_Sales_P-Max_Oct25,17-11-2025,Mobile phones,INR,3150.06,"44,400",802
Pro_Sales_P-Max_Oct25,17-11-2025,Tablets,INR,3.78,108,0
PRO_Search_|_Oct_25,18-11-2025,Computers,INR,427.78,169,25
PRO_Search_|_Oct_25,18-11-2025,Mobile phones,INR,4436.02,"4,591",428
PRO_Search_|_Oct_25,18-11-2025,Tablets,INR,49.95,23,4
ME_Search_|_Oct_25,18-11-2025,Computers,INR,261.19,134,16
ME_Search_|_Oct_25,18-11-2025,Mobile phones,INR,3906.4,"2,432",229
ME_Search_|_Oct_25,18-11-2025,Tablets,INR,39.04,27,1
IKONIC-AMZ-Glide-Peach-14-Oct-2025,18-11-2025,Other,INR,22.07,268,8
IKONIC-AMZ-Glide-Peach-14-Oct-2025,18-11-2025,Mobile phones,INR,967.7,"8,477",347
IKONIC-AMZ-Glide-Peach-14-Oct-2025,18-11-2025,Tablets,INR,0,9,0
Me_Sales_P-Max_Oct25,18-11-2025,Computers,INR,143.82,359,19
Me_Sales_P-Max_Oct25,18-11-2025,Mobile phones,INR,1649.43,"29,825",440
Me_Sales_P-Max_Oct25,18-11-2025,Tablets,INR,9.29,57,1
Pro_Sales_P-Max_Oct25,18-11-2025,Computers,INR,203,904,22
Pro_Sales_P-Max_Oct25,18-11-2025,Mobile phones,INR,2949.3,"44,773",853
Pro_Sales_P-Max_Oct25,18-11-2025,Tablets,INR,10.14,84,1
PRO_Search_|_Oct_25,19-11-2025,Computers,INR,211.93,184,21
PRO_Search_|_Oct_25,19-11-2025,Mobile phones,INR,3837.12,"3,776",381
PRO_Search_|_Oct_25,19-11-2025,Tablets,INR,0,15,0
ME_Search_|_Oct_25,19-11-2025,Computers,INR,305.44,127,16
ME_Search_|_Oct_25,19-11-2025,Mobile phones,INR,3192.12,"2,223",211
ME_Search_|_Oct_25,19-11-2025,Tablets,INR,39.38,26,1
IKONIC-AMZ-Glide-Peach-14-Oct-2025,19-11-2025,Other,INR,8.61,223,3
IKONIC-AMZ-Glide-Peach-14-Oct-2025,19-11-2025,Mobile phones,INR,914.19,"8,476",314
IKONIC-AMZ-Glide-Peach-14-Oct-2025,19-11-2025,Tablets,INR,0,14,0
Me_Sales_P-Max_Oct25,19-11-2025,Computers,INR,53.77,474,15
Me_Sales_P-Max_Oct25,19-11-2025,Mobile phones,INR,1805.83,"33,091",610
Me_Sales_P-Max_Oct25,19-11-2025,Tablets,INR,1.87,77,1
Pro_Sales_P-Max_Oct25,19-11-2025,Computers,INR,124.53,931,22
Pro_Sales_P-Max_Oct25,19-11-2025,Mobile phones,INR,3443.26,"45,446","1,751"
Pro_Sales_P-Max_Oct25,19-11-2025,Tablets,INR,7.6,122,4
PRO_Search_|_Oct_25,20-11-2025,Computers,INR,813.61,254,36
PRO_Search_|_Oct_25,20-11-2025,Mobile phones,INR,3692.43,"5,479",403
PRO_Search_|_Oct_25,20-11-2025,Tablets,INR,49.39,41,3
ME_Search_|_Oct_25,20-11-2025,Computers,INR,875.31,290,23
ME_Search_|_Oct_25,20-11-2025,Mobile phones,INR,2654.38,"9,437",270
ME_Search_|_Oct_25,20-11-2025,Tablets,INR,1.02,78,2
IKONIC-AMZ-Glide-Peach-14-Oct-2025,20-11-2025,Other,INR,29.83,245,11
IKONIC-AMZ-Glide-Peach-14-Oct-2025,20-11-2025,Mobile phones,INR,925.21,"8,912",312
IKONIC-AMZ-Glide-Peach-14-Oct-2025,20-11-2025,Tablets,INR,0,12,0
Me_Sales_P-Max_Oct25,20-11-2025,Computers,INR,76.59,405,16
Me_Sales_P-Max_Oct25,20-11-2025,Mobile phones,INR,1985.62,"33,995",541
Me_Sales_P-Max_Oct25,20-11-2025,Tablets,INR,0.83,60,0
Pro_Sales_P-Max_Oct25,20-11-2025,Computers,INR,41.92,446,9
Pro_Sales_P-Max_Oct25,20-11-2025,Mobile phones,INR,2661.93,"20,874",698
Pro_Sales_P-Max_Oct25,20-11-2025,Tablets,INR,2.55,26,1
Cadiveu_Instamart_External_20th_Nov_2025,20-11-2025,Mobile phones,INR,0,1,0
PRO_Search_|_Oct_25,21-11-2025,Computers,INR,186.54,154,13
PRO_Search_|_Oct_25,21-11-2025,Mobile phones,INR,3416.12,"3,933",437
PRO_Search_|_Oct_25,21-11-2025,Tablets,INR,72.92,27,6
ME_Search_|_Oct_25,21-11-2025,Computers,INR,221.72,179,11
ME_Search_|_Oct_25,21-11-2025,Mobile phones,INR,3364.02,"3,508",281
ME_Search_|_Oct_25,21-11-2025,Tablets,INR,0,32,0
IKONIC-AMZ-Glide-Peach-14-Oct-2025,21-11-2025,Other,INR,9.37,206,3
IKONIC-AMZ-Glide-Peach-14-Oct-2025,21-11-2025,Mobile phones,INR,1006.77,"8,161",342
IKONIC-AMZ-Glide-Peach-14-Oct-2025,21-11-2025,Tablets,INR,0,10,0
Me_Sales_P-Max_Oct25,21-11-2025,Computers,INR,29.45,346,6
Me_Sales_P-Max_Oct25,21-11-2025,Mobile phones,INR,1884.72,"31,303",553
Me_Sales_P-Max_Oct25,21-11-2025,Tablets,INR,17.22,71,6
Pro_Sales_P-Max_Oct25,21-11-2025,Other,INR,0.76,1,1
Pro_Sales_P-Max_Oct25,21-11-2025,Computers,INR,80.56,580,20
Pro_Sales_P-Max_Oct25,21-11-2025,Mobile phones,INR,1962.58,"28,755",694
Pro_Sales_P-Max_Oct25,21-11-2025,Tablets,INR,2.72,62,0
Cadiveu_Instamart_External_20th_Nov_2025,21-11-2025,Mobile phones,INR,375.98,32,2
PRO_Search_|_Oct_25,22-11-2025,Computers,INR,339.21,85,28
PRO_Search_|_Oct_25,22-11-2025,Mobile phones,INR,2999.21,"3,035",408
PRO_Search_|_Oct_25,22-11-2025,Tablets,INR,0.51,19,1
ME_Search_|_Oct_25,22-11-2025,Computers,INR,98.18,68,5
ME_Search_|_Oct_25,22-11-2025,Mobile phones,INR,2869.59,"1,645",211
ME_Search_|_Oct_25,22-11-2025,Tablets,INR,7.77,10,1
IKONIC-AMZ-Glide-Peach-14-Oct-2025,22-11-2025,Other,INR,16.47,211,6
IKONIC-AMZ-Glide-Peach-14-Oct-2025,22-11-2025,Mobile phones,INR,956.99,"7,486",326
IKONIC-AMZ-Glide-Peach-14-Oct-2025,22-11-2025,Tablets,INR,0,3,0
Me_Sales_P-Max_Oct25,22-11-2025,Other,INR,0,1,0
Me_Sales_P-Max_Oct25,22-11-2025,Computers,INR,32.96,281,11
Me_Sales_P-Max_Oct25,22-11-2025,Mobile phones,INR,2137.98,"31,474",506
Me_Sales_P-Max_Oct25,22-11-2025,Tablets,INR,0.17,32,0
Pro_Sales_P-Max_Oct25,22-11-2025,Other,INR,0,1,0
Pro_Sales_P-Max_Oct25,22-11-2025,Computers,INR,217.84,786,13
Pro_Sales_P-Max_Oct25,22-11-2025,Mobile phones,INR,4129.29,"41,680",849
Pro_Sales_P-Max_Oct25,22-11-2025,Tablets,INR,9.46,172,3
Cadiveu_Instamart_External_20th_Nov_2025,22-11-2025,Mobile phones,INR,954.31,61,2
PRO_Search_|_Oct_25,23-11-2025,Computers,INR,109.05,85,10
PRO_Search_|_Oct_25,23-11-2025,Mobile phones,INR,3691.51,"3,767",464
PRO_Search_|_Oct_25,23-11-2025,Tablets,INR,1.53,20,3
ME_Search_|_Oct_25,23-11-2025,Computers,INR,125.25,96,5
ME_Search_|_Oct_25,23-11-2025,Mobile phones,INR,4477.19,"3,142",318
ME_Search_|_Oct_25,23-11-2025,Tablets,INR,0,15,0
IKONIC-AMZ-Glide-Peach-14-Oct-2025,23-11-2025,Other,INR,6.3,148,2
IKONIC-AMZ-Glide-Peach-14-Oct-2025,23-11-2025,Mobile phones,INR,886.85,"6,680",299
IKONIC-AMZ-Glide-Peach-14-Oct-2025,23-11-2025,Tablets,INR,2.58,9,1
Me_Sales_P-Max_Oct25,23-11-2025,Computers,INR,67.27,301,6
Me_Sales_P-Max_Oct25,23-11-2025,Mobile phones,INR,2405.11,"37,593",844
Me_Sales_P-Max_Oct25,23-11-2025,Tablets,INR,0.1,83,0
Pro_Sales_P-Max_Oct25,23-11-2025,Computers,INR,103.04,353,8
Pro_Sales_P-Max_Oct25,23-11-2025,Mobile phones,INR,3357.53,"37,471",760
Pro_Sales_P-Max_Oct25,23-11-2025,Tablets,INR,13.06,152,1
Cadiveu_Instamart_External_20th_Nov_2025,23-11-2025,Computers,INR,0,0,0
Cadiveu_Instamart_External_20th_Nov_2025,23-11-2025,Mobile phones,INR,865.36,22,4
PRO_Search_|_Oct_25,24-11-2025,Computers,INR,389.88,178,46
PRO_Search_|_Oct_25,24-11-2025,Mobile phones,INR,3428.24,"3,265",469
PRO_Search_|_Oct_25,24-11-2025,Tablets,INR,5.82,12,2
ME_Search_|_Oct_25,24-11-2025,Computers,INR,503.44,114,28
ME_Search_|_Oct_25,24-11-2025,Mobile phones,INR,3084.02,"2,201",270
ME_Search_|_Oct_25,24-11-2025,Tablets,INR,0,7,0
IKONIC-AMZ-Glide-Peach-14-Oct-2025,24-11-2025,Other,INR,6.9,156,4
IKONIC-AMZ-Glide-Peach-14-Oct-2025,24-11-2025,Mobile phones,INR,947.53,"7,560",323
IKONIC-AMZ-Glide-Peach-14-Oct-2025,24-11-2025,Tablets,INR,0,13,0
Me_Sales_P-Max_Oct25,24-11-2025,Computers,INR,47.49,316,8
Me_Sales_P-Max_Oct25,24-11-2025,Mobile phones,INR,1805.39,"24,990",471
Me_Sales_P-Max_Oct25,24-11-2025,Tablets,INR,0.8,26,0
Pro_Sales_P-Max_Oct25,24-11-2025,Other,INR,0,2,0
Pro_Sales_P-Max_Oct25,24-11-2025,Computers,INR,219.88,718,16
Pro_Sales_P-Max_Oct25,24-11-2025,Mobile phones,INR,2526.02,"31,741",633
Pro_Sales_P-Max_Oct25,24-11-2025,Tablets,INR,36.89,189,3
Cadiveu_Instamart_External_20th_Nov_2025,24-11-2025,Computers,INR,0,1,0
Cadiveu_Instamart_External_20th_Nov_2025,24-11-2025,Mobile phones,INR,362.94,48,2
Nykaa_Black_Friday_Traffic,24-11-2025,Computers,INR,0,0,0
Nykaa_Black_Friday_Traffic,24-11-2025,Mobile phones,INR,0,0,0
Nykaa_Black_Friday_Traffic,24-11-2025,Tablets,INR,0,0,0
PRO_Search_|_Oct_25,25-11-2025,Computers,INR,354.69,179,37
PRO_Search_|_Oct_25,25-11-2025,Mobile phones,INR,3787.35,"3,482",517
PRO_Search_|_Oct_25,25-11-2025,Tablets,INR,0,13,0
ME_Search_|_Oct_25,25-11-2025,Computers,INR,271.36,122,18
ME_Search_|_Oct_25,25-11-2025,Mobile phones,INR,2982.14,"2,158",268
ME_Search_|_Oct_25,25-11-2025,Tablets,INR,0,13,0
IKONIC-AMZ-Glide-Peach-14-Oct-2025,25-11-2025,Other,INR,6.07,188,4
IKONIC-AMZ-Glide-Peach-14-Oct-2025,25-11-2025,Mobile phones,INR,990.05,"7,432",340
IKONIC-AMZ-Glide-Peach-14-Oct-2025,25-11-2025,Tablets,INR,0,12,0
Me_Sales_P-Max_Oct25,25-11-2025,Computers,INR,75.01,188,12
Me_Sales_P-Max_Oct25,25-11-2025,Mobile phones,INR,1650.07,"13,317",269
Me_Sales_P-Max_Oct25,25-11-2025,Tablets,INR,0.05,25,0
Pro_Sales_P-Max_Oct25,25-11-2025,Other,INR,0,1,0
Pro_Sales_P-Max_Oct25,25-11-2025,Computers,INR,259.27,808,19
Pro_Sales_P-Max_Oct25,25-11-2025,Mobile phones,INR,2957.41,"30,884",654
Pro_Sales_P-Max_Oct25,25-11-2025,Tablets,INR,10.12,156,1
Cadiveu_Instamart_External_20th_Nov_2025,25-11-2025,Mobile phones,INR,609.54,56,3
Nykaa_Black_Friday_Traffic,25-11-2025,Computers,INR,0.03,5,0
Nykaa_Black_Friday_Traffic,25-11-2025,Mobile phones,INR,934.55,"56,846","3,659"
Nykaa_Black_Friday_Traffic,25-11-2025,Tablets,INR,1.38,115,8
PRO_Search_|_Oct_25,26-11-2025,Computers,INR,281.61,151,33
PRO_Search_|_Oct_25,26-11-2025,Mobile phones,INR,3736.34,"3,785",496
PRO_Search_|_Oct_25,26-11-2025,Tablets,INR,0,19,0
ME_Search_|_Oct_25,26-11-2025,Computers,INR,397.1,100,16
ME_Search_|_Oct_25,26-11-2025,Mobile phones,INR,2635.05,"2,963",404
ME_Search_|_Oct_25,26-11-2025,Tablets,INR,0.74,16,1
IKONIC-AMZ-Glide-Peach-14-Oct-2025,26-11-2025,Other,INR,2.27,193,1
IKONIC-AMZ-Glide-Peach-14-Oct-2025,26-11-2025,Mobile phones,INR,750.54,"7,303",249
IKONIC-AMZ-Glide-Peach-14-Oct-2025,26-11-2025,Tablets,INR,0,12,0
Me_Sales_P-Max_Oct25,26-11-2025,Computers,INR,56.25,408,12
Me_Sales_P-Max_Oct25,26-11-2025,Mobile phones,INR,2298.87,"32,939",479
Me_Sales_P-Max_Oct25,26-11-2025,Tablets,INR,1.53,40,0
Pro_Sales_P-Max_Oct25,26-11-2025,Computers,INR,249.59,870,23
Pro_Sales_P-Max_Oct25,26-11-2025,Mobile phones,INR,3098.56,"36,033",702
Pro_Sales_P-Max_Oct25,26-11-2025,Tablets,INR,9.91,142,0
Cadiveu_Instamart_External_20th_Nov_2025,26-11-2025,Mobile phones,INR,396.18,24,1
Nykaa_Black_Friday_Traffic,26-11-2025,Mobile phones,INR,601.68,"38,528","2,531"
Nykaa_Black_Friday_Traffic,26-11-2025,Tablets,INR,2.35,184,12
PRO_Search_|_Oct_25,27-11-2025,Computers,INR,285.77,128,33
PRO_Search_|_Oct_25,27-11-2025,Mobile phones,INR,3397.8,"3,620",473
PRO_Search_|_Oct_25,27-11-2025,Tablets,INR,0,20,0
ME_Search_|_Oct_25,27-11-2025,Computers,INR,263.1,127,17
ME_Search_|_Oct_25,27-11-2025,Mobile phones,INR,4217.64,"3,569",549
ME_Search_|_Oct_25,27-11-2025,Tablets,INR,42.02,27,3
IKONIC-AMZ-Glide-Peach-14-Oct-2025,27-11-2025,Other,INR,15.11,156,5
IKONIC-AMZ-Glide-Peach-14-Oct-2025,27-11-2025,Mobile phones,INR,1098.07,"8,839",367
IKONIC-AMZ-Glide-Peach-14-Oct-2025,27-11-2025,Tablets,INR,0,10,0
Me_Sales_P-Max_Oct25,27-11-2025,Computers,INR,73.69,425,14
Me_Sales_P-Max_Oct25,27-11-2025,Mobile phones,INR,1680.03,"30,009",390
Me_Sales_P-Max_Oct25,27-11-2025,Tablets,INR,0.02,79,0
Pro_Sales_P-Max_Oct25,27-11-2025,Other,INR,0,2,0
Pro_Sales_P-Max_Oct25,27-11-2025,Computers,INR,108.33,875,17
Pro_Sales_P-Max_Oct25,27-11-2025,Mobile phones,INR,3274.36,"38,820",753
Pro_Sales_P-Max_Oct25,27-11-2025,Tablets,INR,20.99,245,0
Cadiveu_Instamart_External_20th_Nov_2025,27-11-2025,Mobile phones,INR,339.27,26,3
Nykaa_Black_Friday_Traffic,27-11-2025,Computers,INR,0,0,0
Nykaa_Black_Friday_Traffic,27-11-2025,Mobile phones,INR,509.71,"37,910","2,461"
Nykaa_Black_Friday_Traffic,27-11-2025,Tablets,INR,2.97,238,9
PRO_Search_|_Oct_25,28-11-2025,Computers,INR,359.82,194,34
PRO_Search_|_Oct_25,28-11-2025,Mobile phones,INR,3507.23,"3,946",481
PRO_Search_|_Oct_25,28-11-2025,Tablets,INR,0,25,0
ME_Search_|_Oct_25,28-11-2025,Computers,INR,301.74,195,21
ME_Search_|_Oct_25,28-11-2025,Mobile phones,INR,4315.82,"4,236",482
ME_Search_|_Oct_25,28-11-2025,Tablets,INR,20.36,20,3
IKONIC-AMZ-Glide-Peach-14-Oct-2025,28-11-2025,Other,INR,3.24,125,1
IKONIC-AMZ-Glide-Peach-14-Oct-2025,28-11-2025,Mobile phones,INR,917.54,"7,368",304
IKONIC-AMZ-Glide-Peach-14-Oct-2025,28-11-2025,Tablets,INR,0,9,0
Me_Sales_P-Max_Oct25,28-11-2025,Computers,INR,56.51,357,20
Me_Sales_P-Max_Oct25,28-11-2025,Mobile phones,INR,1730.09,"22,762",385
Me_Sales_P-Max_Oct25,28-11-2025,Tablets,INR,0,43,0
Pro_Sales_P-Max_Oct25,28-11-2025,Other,INR,0.49,1,1
Pro_Sales_P-Max_Oct25,28-11-2025,Computers,INR,261.31,"1,052",30
Pro_Sales_P-Max_Oct25,28-11-2025,Mobile phones,INR,4481.25,"48,614",923
Pro_Sales_P-Max_Oct25,28-11-2025,Tablets,INR,20.04,588,0
Cadiveu_Instamart_External_20th_Nov_2025,28-11-2025,Mobile phones,INR,774.87,21,2
Nykaa_Black_Friday_Traffic,28-11-2025,Computers,INR,0,1,0
Nykaa_Black_Friday_Traffic,28-11-2025,Mobile phones,INR,490.11,"29,653","2,479"
Nykaa_Black_Friday_Traffic,28-11-2025,Tablets,INR,0.66,63,6
PRO_Search_|_Oct_25,29-11-2025,Computers,INR,245.91,148,20
PRO_Search_|_Oct_25,29-11-2025,Mobile phones,INR,3535.61,"5,105",566
PRO_Search_|_Oct_25,29-11-2025,Tablets,INR,19.13,17,3
ME_Search_|_Oct_25,29-11-2025,Computers,INR,220.65,101,12
ME_Search_|_Oct_25,29-11-2025,Mobile phones,INR,4263.24,"3,786",499
ME_Search_|_Oct_25,29-11-2025,Tablets,INR,8.18,17,1
IKONIC-AMZ-Glide-Peach-14-Oct-2025,29-11-2025,Other,INR,9.03,75,3
IKONIC-AMZ-Glide-Peach-14-Oct-2025,29-11-2025,Mobile phones,INR,989.19,"6,231",337
IKONIC-AMZ-Glide-Peach-14-Oct-2025,29-11-2025,Tablets,INR,0,9,0
Me_Sales_P-Max_Oct25,29-11-2025,Computers,INR,44.35,405,10
Me_Sales_P-Max_Oct25,29-11-2025,Mobile phones,INR,1748.38,"30,739",415
Me_Sales_P-Max_Oct25,29-11-2025,Tablets,INR,4.63,83,5
Pro_Sales_P-Max_Oct25,29-11-2025,Other,INR,0,1,0
Pro_Sales_P-Max_Oct25,29-11-2025,Computers,INR,143.71,786,24
Pro_Sales_P-Max_Oct25,29-11-2025,Mobile phones,INR,3827.27,"49,723",919
Pro_Sales_P-Max_Oct25,29-11-2025,Tablets,INR,10.93,251,1
Cadiveu_Instamart_External_20th_Nov_2025,29-11-2025,Mobile phones,INR,158.54,27,1
Nykaa_Black_Friday_Traffic,29-11-2025,Computers,INR,0,0,0
Nykaa_Black_Friday_Traffic,29-11-2025,Mobile phones,INR,569.11,"34,162","2,837"
Nykaa_Black_Friday_Traffic,29-11-2025,Tablets,INR,2.3,103,16
PRO_Search_|_Oct_25,30-11-2025,Computers,INR,112.45,109,20
PRO_Search_|_Oct_25,30-11-2025,Mobile phones,INR,3815.63,"4,236",513
PRO_Search_|_Oct_25,30-11-2025,Tablets,INR,16.12,26,1
ME_Search_|_Oct_25,30-11-2025,Computers,INR,187.69,77,11
ME_Search_|_Oct_25,30-11-2025,Mobile phones,INR,3526.26,"3,260",352
ME_Search_|_Oct_25,30-11-2025,Tablets,INR,0,7,0
IKONIC-AMZ-Glide-Peach-14-Oct-2025,30-11-2025,Other,INR,12.78,81,4
IKONIC-AMZ-Glide-Peach-14-Oct-2025,30-11-2025,Mobile phones,INR,841.7,"5,993",289
IKONIC-AMZ-Glide-Peach-14-Oct-2025,30-11-2025,Tablets,INR,2.89,12,1
Me_Sales_P-Max_Oct25,30-11-2025,Computers,INR,9.08,222,2
Me_Sales_P-Max_Oct25,30-11-2025,Mobile phones,INR,1599.03,"26,949",395
Me_Sales_P-Max_Oct25,30-11-2025,Tablets,INR,11.86,33,3
Pro_Sales_P-Max_Oct25,30-11-2025,Other,INR,0,4,0
Pro_Sales_P-Max_Oct25,30-11-2025,Computers,INR,148.14,825,18
Pro_Sales_P-Max_Oct25,30-11-2025,Mobile phones,INR,3681.34,"43,918",975
Pro_Sales_P-Max_Oct25,30-11-2025,Tablets,INR,132.92,522,5
Cadiveu_Instamart_External_20th_Nov_2025,30-11-2025,Mobile phones,INR,662.51,22,6
Cadiveu_Instamart_External_20th_Nov_2025,30-11-2025,Tablets,INR,0,1,0
Nykaa_Black_Friday_Traffic,30-11-2025,Computers,INR,0,0,0
Nykaa_Black_Friday_Traffic,30-11-2025,Mobile phones,INR,383.19,"18,960","2,065"
Nykaa_Black_Friday_Traffic,30-11-2025,Tablets,INR,1.31,48,6
